"","V1","V2"
"1",152.51875,-27.00125
"2",152.51875,-26.40125
"3",151.31875,-32.40125
"4",151.31875,-33.00125
"5",151.91875,-27.60125
"6",150.11875,-33.60125
"7",151.91875,-24.60125
"8",150.71875,-34.20125
"9",151.91875,-28.20125
"10",151.31875,-29.40125
"11",151.91875,-26.40125
"12",150.71875,-31.80125
"13",152.51875,-25.20125
"14",150.71875,-33.60125
"15",150.11875,-31.80125
"16",151.31875,-28.20125
"17",150.71875,-32.40125
"18",151.91875,-25.80125
"19",150.71875,-31.20125
"20",151.31875,-28.80125
"21",153.11875,-27.60125
"22",152.51875,-29.40125
"23",151.31875,-27.00125
"24",150.71875,-30.60125
"25",150.71875,-33.00125
"26",149.51875,-34.20125
"27",151.91875,-27.00125
"28",151.31875,-24.00125
"29",150.11875,-33.00125
"30",152.51875,-25.80125
"31",152.51875,-27.60125
"32",151.91875,-25.20125
"33",151.31875,-27.60125
"34",151.31875,-26.40125
"35",149.51875,-33.00125
"36",151.31875,-25.20125
"37",150.71875,-29.40125
"38",149.51875,-33.60125
"39",151.31875,-25.80125
"40",150.11875,-30.60125
"41",150.71875,-28.80125
"42",148.91875,-36.60125
"43",150.71875,-28.20125
"44",150.71875,-22.80125
"45",150.71875,-30.00125
"46",150.71875,-27.60125
"47",150.71875,-25.80125
"48",150.11875,-32.40125
"49",150.71875,-25.20125
"50",151.31875,-24.60125
"51",150.11875,-31.20125
"52",150.11875,-30.00125
"53",150.71875,-27.00125
"54",150.71875,-26.40125
"55",150.71875,-24.60125
"56",149.51875,-31.80125
"57",149.51875,-31.20125
"58",150.71875,-23.40125
"59",149.51875,-32.40125
"60",148.91875,-34.80125
"61",150.11875,-25.80125
"62",150.71875,-24.00125
"63",150.11875,-28.20125
"64",150.11875,-28.80125
"65",150.11875,-27.00125
"66",150.11875,-26.40125
"67",150.11875,-25.20125
"68",150.11875,-27.60125
"69",150.11875,-24.60125
"70",148.91875,-33.00125
"71",148.91875,-31.20125
"72",150.11875,-29.40125
"73",148.91875,-32.40125
"74",148.91875,-34.20125
"75",149.51875,-30.00125
"76",149.51875,-28.20125
"77",149.51875,-27.60125
"78",148.91875,-33.60125
"79",149.51875,-30.60125
"80",150.11875,-24.00125
"81",149.51875,-29.40125
"82",148.91875,-31.80125
"83",150.11875,-23.40125
"84",150.11875,-22.80125
"85",149.51875,-27.00125
"86",149.51875,-28.80125
"87",149.51875,-22.20125
"88",148.91875,-30.60125
"89",149.51875,-24.00125
"90",149.51875,-26.40125
"91",149.51875,-22.80125
"92",149.51875,-24.60125
"93",148.91875,-28.20125
"94",149.51875,-23.40125
"95",148.91875,-27.00125
"96",148.91875,-28.80125
"97",149.51875,-25.80125
"98",148.91875,-25.20125
"99",148.91875,-25.80125
"100",148.91875,-27.60125
"101",149.51875,-25.20125
"102",148.91875,-30.00125
"103",148.91875,-26.40125
"104",148.91875,-29.40125
"105",148.91875,-24.60125
"106",148.31875,-36.00125
"107",148.31875,-35.40125
"108",148.91875,-21.00125
"109",148.91875,-22.20125
"110",148.91875,-22.80125
"111",148.91875,-24.00125
"112",148.91875,-23.40125
"113",148.91875,-21.60125
"114",148.31875,-34.80125
"115",148.31875,-33.60125
"116",148.31875,-33.00125
"117",148.31875,-31.20125
"118",148.31875,-31.80125
"119",148.31875,-34.20125
"120",148.31875,-30.60125
"121",148.31875,-30.00125
"122",148.31875,-32.40125
"123",148.31875,-29.40125
"124",147.71875,-37.80125
"125",147.71875,-36.60125
"126",147.71875,-37.20125
"127",147.71875,-35.40125
"128",147.71875,-36.00125
"129",147.71875,-34.80125
"130",147.71875,-34.20125
"131",147.71875,-33.00125
"132",147.71875,-33.60125
"133",147.71875,-32.40125
"134",147.71875,-31.20125
"135",147.71875,-30.60125
"136",148.31875,-25.20125
"137",147.71875,-31.80125
"138",148.31875,-27.60125
"139",148.31875,-26.40125
"140",148.31875,-28.20125
"141",147.71875,-26.40125
"142",147.71875,-25.20125
"143",148.31875,-22.80125
"144",148.31875,-21.60125
"145",148.31875,-27.00125
"146",148.31875,-23.40125
"147",147.71875,-25.80125
"148",148.31875,-21.00125
"149",147.71875,-27.00125
"150",148.31875,-24.00125
"151",148.31875,-25.80125
"152",147.71875,-21.00125
"153",148.31875,-28.80125
"154",148.31875,-22.20125
"155",147.71875,-29.40125
"156",147.71875,-23.40125
"157",147.71875,-28.20125
"158",147.71875,-30.00125
"159",147.71875,-24.60125
"160",147.71875,-27.60125
"161",147.71875,-22.20125
"162",147.71875,-28.80125
"163",148.31875,-24.60125
"164",147.71875,-20.40125
"165",147.71875,-21.60125
"166",148.31875,-20.40125
"167",147.71875,-24.00125
"168",147.11875,-36.60125
"169",147.11875,-34.80125
"170",147.71875,-22.80125
"171",147.11875,-34.20125
"172",147.11875,-33.60125
"173",147.11875,-31.80125
"174",147.11875,-31.20125
"175",147.11875,-29.40125
"176",147.11875,-27.00125
"177",147.11875,-27.60125
"178",147.11875,-30.00125
"179",147.11875,-28.80125
"180",147.11875,-26.40125
"181",147.11875,-30.60125
"182",147.11875,-25.80125
"183",147.11875,-28.20125
"184",147.11875,-35.40125
"185",147.11875,-32.40125
"186",147.11875,-33.00125
"187",146.51875,-38.40125
"188",146.51875,-37.20125
"189",146.51875,-34.80125
"190",146.51875,-36.60125
"191",146.51875,-35.40125
"192",146.51875,-34.20125
"193",146.51875,-33.00125
"194",146.51875,-33.60125
"195",146.51875,-36.00125
"196",146.51875,-31.80125
"197",146.51875,-32.40125
"198",146.51875,-31.20125
"199",147.11875,-25.20125
"200",146.51875,-29.40125
"201",147.11875,-22.20125
"202",147.11875,-24.60125
"203",147.11875,-20.40125
"204",147.11875,-21.60125
"205",147.11875,-22.80125
"206",147.11875,-19.80125
"207",147.11875,-23.40125
"208",146.51875,-30.60125
"209",146.51875,-30.00125
"210",147.11875,-24.00125
"211",147.11875,-21.00125
"212",145.31875,-41.40125
"213",145.91875,-36.60125
"214",145.91875,-37.20125
"215",146.51875,-27.00125
"216",145.91875,-34.20125
"217",145.91875,-34.80125
"218",146.51875,-27.60125
"219",146.51875,-25.80125
"220",145.91875,-35.40125
"221",146.51875,-24.00125
"222",146.51875,-24.60125
"223",145.91875,-36.00125
"224",146.51875,-23.40125
"225",145.91875,-33.60125
"226",146.51875,-28.80125
"227",146.51875,-28.20125
"228",146.51875,-26.40125
"229",146.51875,-20.40125
"230",146.51875,-25.20125
"231",146.51875,-21.60125
"232",145.31875,-37.80125
"233",146.51875,-22.20125
"234",146.51875,-22.80125
"235",146.51875,-19.80125
"236",146.51875,-19.20125
"237",146.51875,-21.00125
"238",145.91875,-33.00125
"239",145.91875,-32.40125
"240",145.91875,-31.80125
"241",145.91875,-30.00125
"242",145.91875,-25.80125
"243",145.91875,-28.20125
"244",145.91875,-31.20125
"245",145.91875,-26.40125
"246",145.91875,-25.20125
"247",145.91875,-30.60125
"248",145.91875,-24.00125
"249",145.91875,-29.40125
"250",145.31875,-36.00125
"251",145.91875,-24.60125
"252",145.91875,-19.20125
"253",145.91875,-27.60125
"254",145.91875,-28.80125
"255",145.91875,-19.80125
"256",145.91875,-18.00125
"257",145.91875,-20.40125
"258",145.91875,-27.00125
"259",145.91875,-18.60125
"260",145.31875,-35.40125
"261",145.91875,-21.00125
"262",145.91875,-17.40125
"263",145.91875,-23.40125
"264",145.91875,-22.80125
"265",145.31875,-34.20125
"266",145.91875,-22.20125
"267",145.31875,-34.80125
"268",144.71875,-37.20125
"269",145.31875,-33.00125
"270",144.71875,-37.80125
"271",145.31875,-33.60125
"272",145.31875,-31.80125
"273",144.11875,-38.40125
"274",145.31875,-30.60125
"275",145.31875,-30.00125
"276",144.71875,-36.60125
"277",145.31875,-29.40125
"278",145.31875,-28.80125
"279",145.31875,-27.00125
"280",145.31875,-28.20125
"281",145.31875,-31.20125
"282",145.31875,-26.40125
"283",145.31875,-25.80125
"284",144.11875,-37.80125
"285",144.71875,-36.00125
"286",144.71875,-35.40125
"287",145.31875,-27.60125
"288",145.31875,-25.20125
"289",145.31875,-21.00125
"290",144.71875,-34.80125
"291",145.31875,-22.80125
"292",144.11875,-37.20125
"293",145.31875,-17.40125
"294",144.71875,-34.20125
"295",145.31875,-19.80125
"296",145.31875,-20.40125
"297",144.11875,-36.60125
"298",145.31875,-22.20125
"299",144.71875,-33.60125
"300",144.71875,-31.80125
"301",144.71875,-33.00125
"302",145.31875,-24.00125
"303",144.71875,-32.40125
"304",145.31875,-18.00125
"305",145.31875,-24.60125
"306",144.71875,-31.20125
"307",144.71875,-30.60125
"308",145.31875,-21.60125
"309",145.31875,-18.60125
"310",145.31875,-23.40125
"311",145.31875,-15.00125
"312",145.31875,-16.80125
"313",145.31875,-19.20125
"314",144.71875,-28.20125
"315",144.71875,-30.00125
"316",145.31875,-16.20125
"317",144.71875,-27.60125
"318",144.71875,-26.40125
"319",144.71875,-27.00125
"320",144.71875,-25.80125
"321",144.71875,-29.40125
"322",144.71875,-25.20125
"323",144.71875,-28.80125
"324",144.71875,-22.20125
"325",144.71875,-24.00125
"326",144.71875,-21.60125
"327",144.71875,-19.80125
"328",144.71875,-24.60125
"329",144.71875,-17.40125
"330",144.71875,-16.20125
"331",144.11875,-36.00125
"332",144.71875,-22.80125
"333",144.71875,-16.80125
"334",144.71875,-23.40125
"335",144.71875,-20.40125
"336",145.31875,-37.20125
"337",144.71875,-15.60125
"338",144.71875,-21.00125
"339",144.71875,-18.60125
"340",144.71875,-19.20125
"341",144.71875,-15.00125
"342",144.11875,-35.40125
"343",144.71875,-18.00125
"344",145.31875,-36.60125
"345",144.11875,-31.80125
"346",144.11875,-33.00125
"347",144.11875,-33.60125
"348",144.11875,-32.40125
"349",144.11875,-30.60125
"350",144.11875,-34.80125
"351",144.11875,-31.20125
"352",144.11875,-34.20125
"353",145.31875,-32.40125
"354",144.11875,-29.40125
"355",143.51875,-38.40125
"356",144.11875,-30.00125
"357",144.11875,-28.80125
"358",144.11875,-26.40125
"359",144.11875,-25.20125
"360",144.11875,-25.80125
"361",144.11875,-27.00125
"362",143.51875,-37.80125
"363",144.11875,-24.60125
"364",144.11875,-28.20125
"365",144.11875,-27.60125
"366",143.51875,-37.20125
"367",143.51875,-36.60125
"368",144.11875,-22.80125
"369",144.11875,-23.40125
"370",144.11875,-24.00125
"371",144.11875,-21.60125
"372",144.11875,-21.00125
"373",144.11875,-20.40125
"374",144.11875,-19.80125
"375",144.11875,-22.20125
"376",144.11875,-18.60125
"377",144.11875,-19.20125
"378",144.11875,-17.40125
"379",143.51875,-34.20125
"380",143.51875,-35.40125
"381",144.11875,-16.80125
"382",143.51875,-36.00125
"383",144.11875,-15.60125
"384",143.51875,-31.80125
"385",143.51875,-32.40125
"386",144.11875,-15.00125
"387",143.51875,-34.80125
"388",144.11875,-16.20125
"389",143.51875,-31.20125
"390",144.11875,-18.00125
"391",143.51875,-33.00125
"392",143.51875,-30.60125
"393",143.51875,-33.60125
"394",143.51875,-29.40125
"395",143.51875,-26.40125
"396",143.51875,-28.80125
"397",143.51875,-28.20125
"398",143.51875,-27.00125
"399",143.51875,-30.00125
"400",143.51875,-25.80125
"401",143.51875,-25.20125
"402",143.51875,-24.60125
"403",143.51875,-27.60125
"404",143.51875,-22.20125
"405",143.51875,-21.00125
"406",143.51875,-19.80125
"407",143.51875,-20.40125
"408",143.51875,-24.00125
"409",143.51875,-22.80125
"410",143.51875,-23.40125
"411",143.51875,-21.60125
"412",143.51875,-19.20125
"413",143.51875,-18.60125
"414",142.91875,-38.40125
"415",142.91875,-37.80125
"416",142.91875,-37.20125
"417",142.91875,-36.60125
"418",143.51875,-15.00125
"419",143.51875,-18.00125
"420",143.51875,-16.80125
"421",142.91875,-34.80125
"422",143.51875,-14.40125
"423",142.91875,-36.00125
"424",142.91875,-33.00125
"425",142.91875,-32.40125
"426",143.51875,-13.80125
"427",143.51875,-16.20125
"428",143.51875,-17.40125
"429",143.51875,-15.60125
"430",142.91875,-31.80125
"431",142.91875,-34.20125
"432",142.91875,-33.60125
"433",142.91875,-31.20125
"434",142.91875,-30.60125
"435",142.91875,-27.00125
"436",142.91875,-27.60125
"437",142.91875,-28.20125
"438",142.91875,-29.40125
"439",142.91875,-30.00125
"440",142.91875,-26.40125
"441",142.91875,-28.80125
"442",142.91875,-25.80125
"443",142.31875,-37.80125
"444",142.91875,-24.60125
"445",142.91875,-24.00125
"446",142.31875,-37.20125
"447",142.91875,-21.60125
"448",142.91875,-19.80125
"449",142.91875,-22.80125
"450",142.91875,-22.20125
"451",142.91875,-23.40125
"452",142.91875,-20.40125
"453",142.31875,-36.60125
"454",142.31875,-36.00125
"455",142.31875,-35.40125
"456",142.91875,-25.20125
"457",142.91875,-21.00125
"458",141.71875,-37.80125
"459",142.31875,-34.80125
"460",142.31875,-33.00125
"461",142.31875,-31.20125
"462",141.71875,-37.20125
"463",142.91875,-15.60125
"464",142.31875,-31.80125
"465",142.31875,-33.60125
"466",142.31875,-30.60125
"467",142.91875,-18.00125
"468",142.31875,-34.20125
"469",142.91875,-19.20125
"470",142.91875,-17.40125
"471",142.91875,-16.80125
"472",142.91875,-16.20125
"473",142.31875,-30.00125
"474",141.71875,-36.00125
"475",142.31875,-29.40125
"476",142.91875,-15.00125
"477",142.91875,-13.80125
"478",142.91875,-14.40125
"479",142.31875,-32.40125
"480",141.71875,-36.60125
"481",142.91875,-12.00125
"482",141.71875,-34.80125
"483",141.71875,-35.40125
"484",142.91875,-18.60125
"485",142.91875,-12.00125
"486",142.91875,-12.60125
"487",142.91875,-12.60125
"488",142.31875,-28.80125
"489",142.91875,-13.20125
"490",141.71875,-33.60125
"491",141.71875,-31.20125
"492",142.31875,-27.60125
"493",142.31875,-27.00125
"494",141.71875,-33.00125
"495",142.31875,-26.40125
"496",141.71875,-34.20125
"497",141.71875,-30.60125
"498",142.31875,-25.80125
"499",141.71875,-29.40125
"500",141.71875,-31.80125
"501",142.31875,-24.00125
"502",142.31875,-23.40125
"503",142.31875,-24.60125
"504",141.71875,-32.40125
"505",141.71875,-28.80125
"506",141.71875,-28.20125
"507",141.71875,-30.00125
"508",142.31875,-28.20125
"509",142.31875,-22.80125
"510",142.31875,-16.20125
"511",142.31875,-16.80125
"512",142.31875,-18.60125
"513",142.31875,-19.80125
"514",142.31875,-22.20125
"515",142.31875,-12.00125
"516",142.31875,-14.40125
"517",142.31875,-25.20125
"518",142.31875,-13.80125
"519",142.31875,-21.00125
"520",142.31875,-19.20125
"521",142.31875,-17.40125
"522",142.31875,-18.00125
"523",142.31875,-12.60125
"524",142.31875,-20.40125
"525",142.31875,-21.60125
"526",142.31875,-11.40125
"527",142.31875,-12.60125
"528",142.31875,-15.60125
"529",142.31875,-15.00125
"530",142.31875,-12.00125
"531",142.31875,-11.40125
"532",142.31875,-13.20125
"533",141.11875,-37.80125
"534",141.11875,-37.20125
"535",141.11875,-36.00125
"536",141.11875,-36.60125
"537",141.11875,-35.40125
"538",141.71875,-26.40125
"539",141.71875,-25.20125
"540",141.71875,-23.40125
"541",141.71875,-22.80125
"542",141.71875,-19.20125
"543",141.71875,-18.00125
"544",141.71875,-27.00125
"545",141.71875,-27.60125
"546",141.71875,-25.80125
"547",141.71875,-24.60125
"548",141.71875,-18.60125
"549",141.71875,-22.20125
"550",141.71875,-24.00125
"551",141.71875,-21.00125
"552",141.71875,-21.60125
"553",141.71875,-16.20125
"554",141.71875,-17.40125
"555",141.71875,-20.40125
"556",141.11875,-34.80125
"557",141.71875,-19.80125
"558",141.11875,-33.60125
"559",141.71875,-16.80125
"560",141.11875,-34.20125
"561",141.11875,-32.40125
"562",141.11875,-33.00125
"563",141.71875,-15.60125
"564",141.71875,-13.80125
"565",141.71875,-14.40125
"566",140.51875,-37.80125
"567",141.71875,-15.00125
"568",141.11875,-31.80125
"569",141.11875,-30.60125
"570",141.11875,-30.00125
"571",140.51875,-37.20125
"572",141.11875,-29.40125
"573",141.11875,-31.20125
"574",141.71875,-13.20125
"575",141.11875,-28.80125
"576",140.51875,-36.60125
"577",141.11875,-27.00125
"578",141.11875,-25.80125
"579",141.11875,-24.60125
"580",140.51875,-35.40125
"581",140.51875,-36.00125
"582",141.11875,-28.20125
"583",141.11875,-26.40125
"584",141.11875,-27.60125
"585",141.11875,-25.20125
"586",140.51875,-34.80125
"587",140.51875,-34.20125
"588",141.11875,-24.00125
"589",141.11875,-23.40125
"590",140.51875,-33.60125
"591",140.51875,-32.40125
"592",140.51875,-33.00125
"593",141.11875,-19.20125
"594",141.11875,-21.60125
"595",141.11875,-19.80125
"596",140.51875,-31.80125
"597",140.51875,-30.00125
"598",140.51875,-31.20125
"599",140.51875,-30.60125
"600",141.11875,-21.00125
"601",140.51875,-29.40125
"602",141.11875,-18.60125
"603",141.11875,-22.20125
"604",140.51875,-28.80125
"605",140.51875,-26.40125
"606",140.51875,-27.00125
"607",140.51875,-28.20125
"608",140.51875,-27.60125
"609",140.51875,-25.20125
"610",140.51875,-24.00125
"611",140.51875,-22.80125
"612",140.51875,-25.80125
"613",140.51875,-24.60125
"614",140.51875,-21.60125
"615",140.51875,-23.40125
"616",140.51875,-21.00125
"617",140.51875,-20.40125
"618",140.51875,-22.20125
"619",139.91875,-37.20125
"620",139.91875,-36.60125
"621",139.91875,-36.00125
"622",139.91875,-35.40125
"623",139.91875,-34.80125
"624",139.91875,-33.60125
"625",139.91875,-33.00125
"626",139.91875,-34.20125
"627",139.91875,-31.20125
"628",139.91875,-32.40125
"629",139.91875,-30.00125
"630",139.91875,-28.80125
"631",139.91875,-31.80125
"632",139.91875,-28.20125
"633",140.51875,-18.60125
"634",140.51875,-19.20125
"635",139.91875,-29.40125
"636",139.91875,-27.60125
"637",140.51875,-19.80125
"638",140.51875,-18.00125
"639",141.11875,-18.00125
"640",141.11875,-20.40125
"641",141.11875,-22.80125
"642",141.11875,-17.40125
"643",139.31875,-35.40125
"644",139.31875,-34.80125
"645",139.91875,-25.80125
"646",139.31875,-33.60125
"647",139.91875,-24.00125
"648",139.91875,-23.40125
"649",139.91875,-22.80125
"650",139.91875,-27.00125
"651",139.31875,-34.20125
"652",139.31875,-32.40125
"653",139.91875,-26.40125
"654",139.91875,-21.60125
"655",139.91875,-22.20125
"656",139.31875,-33.00125
"657",139.31875,-31.80125
"658",139.91875,-25.20125
"659",139.31875,-31.20125
"660",139.91875,-24.60125
"661",139.31875,-30.00125
"662",139.31875,-28.80125
"663",139.31875,-30.60125
"664",139.31875,-29.40125
"665",139.31875,-27.60125
"666",139.31875,-28.20125
"667",139.91875,-19.20125
"668",139.91875,-20.40125
"669",139.91875,-19.80125
"670",139.91875,-18.00125
"671",139.91875,-21.00125
"672",139.91875,-18.60125
"673",138.71875,-35.40125
"674",138.71875,-34.20125
"675",138.71875,-34.80125
"676",139.31875,-25.80125
"677",139.31875,-27.00125
"678",139.31875,-26.40125
"679",139.31875,-23.40125
"680",139.31875,-25.20125
"681",139.31875,-24.60125
"682",139.31875,-22.20125
"683",139.31875,-21.60125
"684",139.31875,-24.00125
"685",139.31875,-22.80125
"686",139.31875,-19.20125
"687",139.31875,-18.60125
"688",139.31875,-21.00125
"689",139.31875,-19.80125
"690",139.31875,-17.40125
"691",139.31875,-18.00125
"692",138.71875,-33.60125
"693",138.11875,-33.00125
"694",138.71875,-33.00125
"695",138.71875,-31.20125
"696",138.71875,-30.60125
"697",138.11875,-33.60125
"698",139.31875,-20.40125
"699",138.71875,-32.40125
"700",138.71875,-31.80125
"701",138.71875,-30.00125
"702",138.71875,-29.40125
"703",138.11875,-30.00125
"704",138.71875,-27.00125
"705",138.71875,-24.60125
"706",138.71875,-27.60125
"707",138.11875,-29.40125
"708",138.11875,-30.60125
"709",138.11875,-28.80125
"710",138.11875,-28.20125
"711",138.71875,-28.20125
"712",138.71875,-28.80125
"713",138.11875,-27.00125
"714",138.71875,-23.40125
"715",138.71875,-24.00125
"716",138.71875,-26.40125
"717",138.71875,-25.80125
"718",138.71875,-21.60125
"719",138.71875,-18.00125
"720",138.71875,-17.40125
"721",138.71875,-20.40125
"722",138.71875,-22.80125
"723",138.71875,-19.80125
"724",138.71875,-19.20125
"725",138.71875,-18.60125
"726",138.71875,-21.00125
"727",138.71875,-25.20125
"728",138.71875,-22.20125
"729",137.51875,-34.20125
"730",137.51875,-34.80125
"731",137.51875,-33.00125
"732",137.51875,-31.80125
"733",137.51875,-29.40125
"734",137.51875,-32.40125
"735",137.51875,-31.20125
"736",137.51875,-30.00125
"737",136.91875,-33.60125
"738",138.11875,-26.40125
"739",138.11875,-24.60125
"740",138.11875,-25.20125
"741",137.51875,-27.60125
"742",138.11875,-23.40125
"743",138.11875,-22.20125
"744",137.51875,-27.00125
"745",138.11875,-21.00125
"746",138.11875,-18.60125
"747",138.11875,-18.00125
"748",136.91875,-31.80125
"749",138.11875,-19.20125
"750",138.11875,-17.40125
"751",138.11875,-25.80125
"752",138.11875,-16.80125
"753",136.91875,-33.00125
"754",137.51875,-26.40125
"755",138.11875,-24.00125
"756",138.11875,-22.80125
"757",137.51875,-25.80125
"758",136.91875,-32.40125
"759",136.91875,-31.20125
"760",138.11875,-21.60125
"761",138.11875,-20.40125
"762",136.91875,-30.60125
"763",137.51875,-23.40125
"764",138.11875,-19.80125
"765",136.91875,-29.40125
"766",137.51875,-22.80125
"767",137.51875,-25.20125
"768",137.51875,-24.00125
"769",137.51875,-24.60125
"770",136.91875,-30.00125
"771",136.91875,-28.20125
"772",138.11875,-32.40125
"773",136.91875,-26.40125
"774",136.31875,-33.60125
"775",137.51875,-22.20125
"776",136.91875,-27.00125
"777",136.91875,-27.60125
"778",137.51875,-18.00125
"779",137.51875,-21.60125
"780",136.31875,-32.40125
"781",137.51875,-21.00125
"782",137.51875,-16.80125
"783",137.51875,-17.40125
"784",137.51875,-20.40125
"785",137.51875,-19.20125
"786",137.51875,-19.80125
"787",136.91875,-25.20125
"788",136.31875,-30.60125
"789",136.31875,-31.80125
"790",136.31875,-33.00125
"791",136.91875,-25.80125
"792",136.31875,-31.20125
"793",136.31875,-30.00125
"794",138.11875,-31.80125
"795",136.31875,-28.80125
"796",137.51875,-18.60125
"797",136.31875,-29.40125
"798",136.31875,-27.00125
"799",136.91875,-24.60125
"800",136.31875,-25.20125
"801",136.91875,-23.40125
"802",136.91875,-21.60125
"803",136.31875,-25.80125
"804",136.91875,-22.80125
"805",136.91875,-21.00125
"806",136.31875,-27.60125
"807",136.31875,-28.20125
"808",136.91875,-20.40125
"809",136.91875,-22.20125
"810",136.91875,-18.00125
"811",136.91875,-24.00125
"812",136.31875,-26.40125
"813",136.91875,-19.80125
"814",136.91875,-19.20125
"815",136.91875,-17.40125
"816",136.91875,-16.20125
"817",135.71875,-34.80125
"818",136.91875,-16.80125
"819",136.91875,-18.60125
"820",138.11875,-27.60125
"821",135.71875,-34.20125
"822",135.71875,-33.60125
"823",135.71875,-31.80125
"824",135.71875,-30.60125
"825",135.71875,-30.00125
"826",135.71875,-29.40125
"827",135.71875,-32.40125
"828",136.31875,-24.00125
"829",136.31875,-24.60125
"830",135.71875,-33.00125
"831",135.71875,-28.20125
"832",136.31875,-22.80125
"833",136.31875,-22.20125
"834",136.31875,-23.40125
"835",135.71875,-28.80125
"836",136.31875,-21.60125
"837",135.71875,-27.60125
"838",136.31875,-19.80125
"839",135.71875,-26.40125
"840",136.31875,-20.40125
"841",136.31875,-18.60125
"842",135.71875,-25.20125
"843",135.71875,-25.80125
"844",136.31875,-21.00125
"845",136.31875,-16.80125
"846",136.31875,-16.20125
"847",136.31875,-19.20125
"848",135.71875,-24.60125
"849",135.71875,-24.00125
"850",136.31875,-17.40125
"851",136.31875,-12.60125
"852",136.31875,-12.60125
"853",135.71875,-21.60125
"854",136.31875,-18.00125
"855",135.71875,-27.00125
"856",135.71875,-22.20125
"857",135.71875,-23.40125
"858",135.71875,-22.80125
"859",135.71875,-19.20125
"860",135.71875,-17.40125
"861",135.71875,-15.60125
"862",135.71875,-21.00125
"863",135.71875,-16.80125
"864",135.71875,-16.20125
"865",135.71875,-19.80125
"866",135.71875,-20.40125
"867",135.71875,-18.60125
"868",135.71875,-18.00125
"869",135.11875,-33.00125
"870",135.11875,-33.60125
"871",135.11875,-30.00125
"872",135.11875,-32.40125
"873",135.11875,-31.80125
"874",135.11875,-30.60125
"875",135.71875,-13.80125
"876",135.71875,-12.60125
"877",135.71875,-12.60125
"878",135.71875,-13.20125
"879",135.11875,-27.00125
"880",135.11875,-29.40125
"881",135.11875,-24.60125
"882",135.11875,-24.00125
"883",135.11875,-28.20125
"884",135.11875,-28.80125
"885",135.11875,-27.60125
"886",135.11875,-26.40125
"887",135.11875,-25.20125
"888",135.11875,-25.80125
"889",135.11875,-21.00125
"890",135.11875,-22.20125
"891",135.11875,-18.00125
"892",135.11875,-22.80125
"893",135.11875,-19.80125
"894",135.11875,-20.40125
"895",135.11875,-23.40125
"896",135.11875,-15.60125
"897",135.11875,-16.20125
"898",135.11875,-16.80125
"899",135.11875,-13.20125
"900",135.11875,-15.00125
"901",135.11875,-14.40125
"902",135.11875,-12.60125
"903",135.11875,-12.60125
"904",135.11875,-13.80125
"905",135.11875,-17.40125
"906",135.11875,-18.60125
"907",135.11875,-21.60125
"908",135.11875,-19.20125
"909",134.51875,-33.00125
"910",134.51875,-32.40125
"911",134.51875,-31.80125
"912",134.51875,-30.00125
"913",134.51875,-31.20125
"914",134.51875,-30.60125
"915",134.51875,-29.40125
"916",134.51875,-28.80125
"917",134.51875,-27.60125
"918",134.51875,-28.20125
"919",134.51875,-24.60125
"920",134.51875,-27.00125
"921",134.51875,-26.40125
"922",134.51875,-25.20125
"923",134.51875,-25.80125
"924",134.51875,-23.40125
"925",134.51875,-24.00125
"926",134.51875,-21.60125
"927",134.51875,-22.80125
"928",134.51875,-22.20125
"929",133.91875,-31.80125
"930",133.91875,-31.20125
"931",133.91875,-30.00125
"932",133.91875,-30.60125
"933",134.51875,-21.00125
"934",134.51875,-16.80125
"935",134.51875,-19.20125
"936",134.51875,-15.60125
"937",134.51875,-16.20125
"938",133.91875,-29.40125
"939",134.51875,-18.60125
"940",133.91875,-28.80125
"941",133.91875,-28.20125
"942",133.91875,-26.40125
"943",134.51875,-15.00125
"944",134.51875,-18.00125
"945",134.51875,-14.40125
"946",134.51875,-13.80125
"947",133.91875,-27.00125
"948",134.51875,-12.60125
"949",134.51875,-12.60125
"950",133.91875,-25.80125
"951",133.91875,-25.20125
"952",134.51875,-19.80125
"953",133.91875,-24.60125
"954",134.51875,-13.20125
"955",133.91875,-27.60125
"956",133.91875,-24.00125
"957",134.51875,-20.40125
"958",134.51875,-17.40125
"959",133.91875,-22.80125
"960",133.31875,-31.80125
"961",133.91875,-22.20125
"962",133.91875,-21.60125
"963",133.31875,-31.20125
"964",133.91875,-23.40125
"965",133.31875,-30.00125
"966",133.91875,-21.00125
"967",133.91875,-20.40125
"968",133.91875,-18.00125
"969",133.31875,-30.60125
"970",133.31875,-29.40125
"971",133.31875,-27.60125
"972",133.31875,-28.20125
"973",133.91875,-18.60125
"974",133.91875,-19.80125
"975",133.31875,-28.80125
"976",133.91875,-19.20125
"977",133.91875,-14.40125
"978",133.91875,-12.60125
"979",133.91875,-16.20125
"980",133.91875,-17.40125
"981",133.91875,-15.00125
"982",133.91875,-13.20125
"983",133.31875,-27.00125
"984",133.31875,-25.80125
"985",133.31875,-26.40125
"986",133.31875,-24.00125
"987",133.31875,-25.20125
"988",133.31875,-23.40125
"989",133.91875,-12.60125
"990",133.31875,-24.60125
"991",132.71875,-31.80125
"992",133.91875,-12.00125
"993",133.91875,-13.80125
"994",133.31875,-22.20125
"995",133.91875,-16.80125
"996",133.31875,-22.80125
"997",133.91875,-15.60125
"998",132.71875,-31.20125
"999",133.31875,-21.60125
"1000",133.91875,-12.00125
"1001",132.71875,-30.60125
"1002",133.31875,-18.00125
"1003",133.31875,-21.00125
"1004",133.31875,-16.20125
"1005",133.31875,-16.80125
"1006",132.71875,-26.40125
"1007",132.71875,-30.00125
"1008",132.71875,-27.00125
"1009",133.31875,-18.60125
"1010",133.31875,-20.40125
"1011",133.31875,-17.40125
"1012",133.31875,-19.20125
"1013",132.71875,-28.80125
"1014",132.71875,-29.40125
"1015",133.31875,-15.60125
"1016",133.31875,-19.80125
"1017",132.71875,-27.60125
"1018",132.71875,-28.20125
"1019",133.31875,-13.20125
"1020",132.71875,-25.80125
"1021",133.31875,-12.60125
"1022",133.31875,-13.80125
"1023",132.71875,-25.20125
"1024",133.31875,-14.40125
"1025",133.31875,-12.60125
"1026",133.31875,-12.00125
"1027",133.31875,-12.00125
"1028",132.71875,-24.00125
"1029",133.31875,-15.00125
"1030",132.71875,-23.40125
"1031",132.71875,-22.20125
"1032",132.11875,-30.00125
"1033",132.71875,-22.80125
"1034",132.11875,-30.60125
"1035",132.11875,-31.20125
"1036",132.11875,-31.80125
"1037",132.71875,-24.60125
"1038",132.71875,-19.20125
"1039",132.71875,-19.80125
"1040",132.71875,-21.00125
"1041",132.71875,-21.60125
"1042",132.71875,-20.40125
"1043",132.11875,-29.40125
"1044",132.11875,-28.80125
"1045",132.71875,-13.20125
"1046",132.71875,-16.80125
"1047",132.71875,-15.60125
"1048",132.71875,-16.20125
"1049",132.11875,-27.00125
"1050",132.71875,-17.40125
"1051",132.11875,-25.80125
"1052",132.11875,-24.60125
"1053",132.71875,-12.60125
"1054",132.11875,-26.40125
"1055",132.11875,-24.00125
"1056",132.71875,-18.00125
"1057",132.71875,-15.00125
"1058",132.11875,-23.40125
"1059",132.11875,-28.20125
"1060",132.11875,-27.60125
"1061",132.71875,-13.80125
"1062",132.71875,-14.40125
"1063",132.71875,-18.60125
"1064",132.71875,-12.60125
"1065",132.11875,-25.20125
"1066",132.71875,-12.00125
"1067",132.11875,-22.20125
"1068",132.11875,-17.40125
"1069",132.11875,-18.00125
"1070",132.11875,-22.80125
"1071",132.11875,-19.20125
"1072",132.11875,-16.80125
"1073",132.71875,-12.00125
"1074",132.11875,-20.40125
"1075",132.11875,-21.60125
"1076",132.11875,-14.40125
"1077",132.11875,-13.20125
"1078",132.11875,-18.60125
"1079",132.11875,-21.00125
"1080",132.11875,-12.60125
"1081",132.11875,-19.80125
"1082",132.11875,-12.60125
"1083",132.11875,-16.20125
"1084",132.11875,-13.80125
"1085",131.51875,-31.20125
"1086",131.51875,-29.40125
"1087",131.51875,-30.60125
"1088",132.11875,-15.00125
"1089",132.11875,-11.40125
"1090",131.51875,-28.80125
"1091",132.11875,-11.40125
"1092",132.11875,-15.60125
"1093",131.51875,-25.80125
"1094",131.51875,-30.00125
"1095",131.51875,-27.60125
"1096",131.51875,-26.40125
"1097",131.51875,-28.20125
"1098",131.51875,-27.00125
"1099",131.51875,-23.40125
"1100",131.51875,-25.20125
"1101",131.51875,-24.00125
"1102",131.51875,-24.60125
"1103",131.51875,-22.20125
"1104",131.51875,-22.80125
"1105",131.51875,-21.60125
"1106",131.51875,-19.80125
"1107",131.51875,-20.40125
"1108",131.51875,-21.00125
"1109",130.91875,-30.60125
"1110",130.91875,-30.00125
"1111",130.91875,-31.20125
"1112",130.91875,-27.60125
"1113",130.91875,-28.20125
"1114",130.91875,-29.40125
"1115",130.91875,-28.80125
"1116",131.51875,-16.80125
"1117",131.51875,-17.40125
"1118",131.51875,-16.20125
"1119",131.51875,-18.00125
"1120",131.51875,-15.60125
"1121",131.51875,-19.20125
"1122",131.51875,-15.00125
"1123",131.51875,-12.60125
"1124",131.51875,-18.60125
"1125",131.51875,-13.80125
"1126",131.51875,-14.40125
"1127",131.51875,-13.20125
"1128",131.51875,-12.60125
"1129",130.91875,-25.20125
"1130",130.91875,-27.00125
"1131",130.91875,-24.00125
"1132",130.91875,-26.40125
"1133",130.91875,-24.60125
"1134",130.91875,-25.80125
"1135",130.91875,-23.40125
"1136",130.91875,-22.20125
"1137",130.91875,-21.60125
"1138",130.91875,-22.80125
"1139",130.31875,-30.00125
"1140",130.31875,-29.40125
"1141",130.31875,-31.20125
"1142",130.31875,-28.80125
"1143",130.91875,-16.80125
"1144",130.91875,-20.40125
"1145",130.91875,-18.60125
"1146",130.31875,-30.60125
"1147",130.91875,-18.00125
"1148",130.91875,-19.20125
"1149",130.91875,-19.80125
"1150",130.91875,-14.40125
"1151",130.91875,-15.00125
"1152",130.91875,-13.80125
"1153",130.31875,-27.00125
"1154",130.31875,-28.20125
"1155",130.31875,-25.80125
"1156",130.31875,-26.40125
"1157",130.91875,-13.20125
"1158",130.31875,-25.20125
"1159",130.91875,-13.20125
"1160",130.31875,-27.60125
"1161",130.31875,-24.60125
"1162",130.31875,-24.00125
"1163",130.31875,-23.40125
"1164",130.31875,-22.80125
"1165",129.71875,-31.20125
"1166",129.71875,-30.60125
"1167",130.31875,-22.20125
"1168",130.31875,-21.60125
"1169",130.31875,-20.40125
"1170",130.31875,-21.00125
"1171",130.31875,-18.60125
"1172",129.71875,-30.00125
"1173",130.31875,-19.80125
"1174",130.31875,-18.00125
"1175",130.31875,-16.80125
"1176",130.31875,-19.20125
"1177",130.31875,-17.40125
"1178",130.31875,-13.80125
"1179",130.31875,-14.40125
"1180",129.71875,-29.40125
"1181",129.71875,-27.00125
"1182",129.71875,-28.80125
"1183",129.71875,-27.60125
"1184",130.31875,-13.20125
"1185",130.31875,-13.20125
"1186",129.71875,-24.60125
"1187",130.31875,-15.60125
"1188",129.71875,-24.00125
"1189",130.31875,-16.20125
"1190",130.31875,-15.00125
"1191",129.71875,-28.20125
"1192",129.71875,-26.40125
"1193",129.71875,-25.80125
"1194",129.71875,-25.20125
"1195",130.91875,-16.20125
"1196",130.91875,-17.40125
"1197",129.11875,-30.60125
"1198",128.51875,-31.80125
"1199",130.91875,-15.60125
"1200",128.51875,-31.20125
"1201",128.51875,-30.60125
"1202",129.11875,-26.40125
"1203",128.51875,-30.00125
"1204",130.91875,-21.00125
"1205",129.11875,-25.80125
"1206",129.11875,-27.60125
"1207",128.51875,-28.80125
"1208",129.11875,-31.20125
"1209",129.11875,-30.00125
"1210",128.51875,-29.40125
"1211",129.11875,-28.80125
"1212",129.11875,-24.60125
"1213",129.11875,-25.20125
"1214",129.71875,-23.40125
"1215",129.11875,-29.40125
"1216",129.11875,-22.80125
"1217",129.11875,-28.20125
"1218",129.11875,-27.00125
"1219",129.71875,-19.80125
"1220",129.71875,-22.20125
"1221",129.71875,-20.40125
"1222",129.11875,-23.40125
"1223",129.11875,-21.60125
"1224",129.71875,-17.40125
"1225",129.71875,-15.60125
"1226",129.11875,-17.40125
"1227",129.11875,-24.00125
"1228",129.11875,-18.00125
"1229",129.71875,-16.80125
"1230",129.71875,-16.20125
"1231",129.71875,-18.00125
"1232",129.11875,-16.80125
"1233",129.11875,-20.40125
"1234",129.71875,-15.00125
"1235",129.11875,-19.20125
"1236",129.11875,-18.60125
"1237",129.11875,-22.20125
"1238",129.71875,-22.80125
"1239",129.71875,-19.20125
"1240",129.11875,-19.80125
"1241",129.71875,-14.40125
"1242",129.71875,-21.00125
"1243",129.71875,-21.60125
"1244",129.71875,-18.60125
"1245",129.11875,-21.00125
"1246",129.11875,-16.20125
"1247",129.11875,-15.60125
"1248",128.51875,-25.20125
"1249",128.51875,-24.60125
"1250",128.51875,-28.20125
"1251",128.51875,-27.60125
"1252",128.51875,-26.40125
"1253",128.51875,-24.00125
"1254",128.51875,-27.00125
"1255",128.51875,-23.40125
"1256",128.51875,-25.80125
"1257",128.51875,-22.80125
"1258",127.91875,-31.80125
"1259",127.91875,-30.00125
"1260",127.91875,-31.20125
"1261",127.91875,-29.40125
"1262",127.91875,-30.60125
"1263",127.91875,-28.20125
"1264",128.51875,-19.20125
"1265",128.51875,-20.40125
"1266",128.51875,-21.00125
"1267",128.51875,-18.60125
"1268",128.51875,-17.40125
"1269",128.51875,-18.00125
"1270",128.51875,-16.80125
"1271",127.91875,-28.80125
"1272",128.51875,-19.80125
"1273",127.91875,-27.60125
"1274",127.91875,-25.80125
"1275",127.91875,-26.40125
"1276",128.51875,-21.60125
"1277",128.51875,-15.60125
"1278",128.51875,-22.20125
"1279",127.91875,-27.00125
"1280",128.51875,-16.20125
"1281",127.91875,-24.00125
"1282",127.91875,-22.80125
"1283",127.91875,-25.20125
"1284",128.51875,-15.00125
"1285",127.91875,-24.60125
"1286",127.31875,-31.80125
"1287",127.91875,-23.40125
"1288",127.31875,-31.20125
"1289",127.91875,-20.40125
"1290",127.91875,-21.60125
"1291",127.91875,-16.80125
"1292",127.91875,-19.20125
"1293",127.91875,-22.20125
"1294",127.91875,-21.00125
"1295",127.31875,-30.60125
"1296",127.31875,-28.80125
"1297",127.31875,-29.40125
"1298",127.91875,-19.80125
"1299",127.91875,-18.60125
"1300",127.91875,-18.00125
"1301",127.31875,-27.60125
"1302",127.31875,-30.00125
"1303",127.91875,-16.20125
"1304",127.31875,-28.20125
"1305",127.91875,-17.40125
"1306",127.31875,-26.40125
"1307",127.31875,-27.00125
"1308",127.31875,-24.60125
"1309",127.31875,-22.80125
"1310",127.31875,-22.20125
"1311",127.31875,-21.60125
"1312",126.71875,-31.80125
"1313",126.71875,-30.60125
"1314",127.31875,-25.80125
"1315",126.71875,-30.00125
"1316",126.71875,-29.40125
"1317",127.91875,-15.00125
"1318",126.71875,-28.80125
"1319",126.71875,-27.60125
"1320",126.71875,-31.20125
"1321",127.31875,-19.20125
"1322",126.71875,-28.20125
"1323",127.31875,-19.80125
"1324",127.31875,-15.00125
"1325",127.31875,-16.20125
"1326",127.31875,-18.60125
"1327",127.31875,-21.00125
"1328",127.31875,-16.80125
"1329",127.31875,-20.40125
"1330",127.31875,-17.40125
"1331",126.71875,-27.00125
"1332",126.71875,-25.20125
"1333",127.31875,-15.60125
"1334",127.31875,-18.00125
"1335",127.31875,-14.40125
"1336",126.11875,-31.80125
"1337",126.71875,-24.60125
"1338",126.11875,-30.60125
"1339",126.11875,-31.20125
"1340",126.11875,-30.00125
"1341",126.71875,-26.40125
"1342",126.71875,-25.80125
"1343",126.11875,-29.40125
"1344",126.71875,-22.20125
"1345",126.11875,-27.00125
"1346",126.71875,-21.00125
"1347",126.11875,-27.60125
"1348",126.71875,-24.00125
"1349",126.11875,-28.80125
"1350",126.11875,-28.20125
"1351",126.71875,-22.80125
"1352",126.71875,-23.40125
"1353",126.71875,-18.00125
"1354",126.71875,-21.60125
"1355",126.71875,-15.60125
"1356",126.71875,-16.20125
"1357",126.71875,-17.40125
"1358",126.71875,-19.80125
"1359",126.71875,-20.40125
"1360",126.71875,-14.40125
"1361",126.71875,-18.60125
"1362",126.71875,-15.00125
"1363",126.71875,-19.20125
"1364",126.71875,-16.80125
"1365",126.11875,-25.80125
"1366",126.11875,-22.80125
"1367",126.11875,-24.60125
"1368",126.11875,-21.60125
"1369",126.11875,-23.40125
"1370",126.11875,-22.20125
"1371",126.11875,-26.40125
"1372",126.11875,-17.40125
"1373",126.11875,-24.00125
"1374",126.11875,-25.20125
"1375",126.11875,-18.00125
"1376",126.11875,-20.40125
"1377",126.11875,-15.60125
"1378",126.11875,-16.20125
"1379",126.11875,-16.80125
"1380",126.11875,-21.00125
"1381",126.11875,-19.20125
"1382",126.11875,-18.60125
"1383",126.11875,-15.00125
"1384",126.11875,-19.80125
"1385",125.51875,-32.40125
"1386",125.51875,-30.60125
"1387",125.51875,-31.80125
"1388",125.51875,-31.20125
"1389",125.51875,-30.00125
"1390",125.51875,-28.80125
"1391",125.51875,-29.40125
"1392",125.51875,-28.20125
"1393",125.51875,-27.60125
"1394",127.31875,-25.20125
"1395",126.11875,-14.40125
"1396",125.51875,-25.80125
"1397",125.51875,-27.00125
"1398",127.31875,-23.40125
"1399",125.51875,-24.00125
"1400",125.51875,-22.20125
"1401",125.51875,-22.80125
"1402",125.51875,-21.60125
"1403",125.51875,-25.20125
"1404",127.31875,-24.00125
"1405",125.51875,-24.60125
"1406",125.51875,-26.40125
"1407",125.51875,-23.40125
"1408",125.51875,-19.20125
"1409",125.51875,-21.00125
"1410",125.51875,-16.80125
"1411",125.51875,-18.60125
"1412",125.51875,-18.00125
"1413",125.51875,-16.20125
"1414",125.51875,-19.80125
"1415",125.51875,-20.40125
"1416",125.51875,-17.40125
"1417",125.51875,-15.60125
"1418",124.91875,-32.40125
"1419",124.91875,-31.80125
"1420",124.91875,-31.20125
"1421",124.91875,-30.60125
"1422",124.91875,-29.40125
"1423",124.91875,-28.20125
"1424",124.91875,-30.00125
"1425",124.91875,-27.60125
"1426",124.91875,-28.80125
"1427",125.51875,-15.00125
"1428",124.91875,-26.40125
"1429",124.91875,-25.80125
"1430",124.91875,-24.00125
"1431",124.91875,-27.00125
"1432",124.91875,-25.20125
"1433",124.91875,-23.40125
"1434",124.91875,-22.20125
"1435",124.91875,-24.60125
"1436",124.91875,-18.60125
"1437",124.91875,-18.00125
"1438",124.91875,-16.20125
"1439",124.91875,-22.80125
"1440",124.91875,-21.60125
"1441",124.91875,-19.20125
"1442",124.91875,-15.60125
"1443",124.91875,-21.00125
"1444",124.91875,-17.40125
"1445",124.91875,-20.40125
"1446",124.91875,-19.80125
"1447",124.91875,-16.80125
"1448",124.31875,-32.40125
"1449",124.31875,-31.80125
"1450",124.31875,-29.40125
"1451",124.31875,-30.00125
"1452",124.31875,-31.20125
"1453",124.31875,-27.60125
"1454",124.31875,-27.00125
"1455",124.31875,-28.20125
"1456",124.31875,-28.80125
"1457",124.31875,-30.60125
"1458",123.71875,-33.00125
"1459",123.71875,-33.60125
"1460",124.31875,-25.80125
"1461",124.31875,-24.60125
"1462",124.31875,-25.20125
"1463",124.31875,-26.40125
"1464",124.31875,-22.20125
"1465",124.31875,-21.60125
"1466",124.31875,-21.00125
"1467",124.31875,-23.40125
"1468",124.31875,-24.00125
"1469",123.71875,-32.40125
"1470",124.31875,-22.80125
"1471",124.31875,-18.60125
"1472",124.31875,-18.00125
"1473",124.31875,-16.80125
"1474",124.31875,-19.20125
"1475",124.31875,-20.40125
"1476",124.31875,-17.40125
"1477",124.31875,-19.80125
"1478",123.71875,-30.00125
"1479",123.71875,-31.80125
"1480",123.71875,-30.60125
"1481",123.71875,-29.40125
"1482",123.71875,-28.80125
"1483",123.71875,-28.20125
"1484",123.71875,-31.20125
"1485",123.71875,-27.00125
"1486",123.71875,-27.60125
"1487",123.11875,-33.60125
"1488",123.11875,-33.00125
"1489",123.71875,-26.40125
"1490",123.71875,-25.80125
"1491",123.71875,-25.20125
"1492",123.71875,-24.00125
"1493",123.71875,-22.20125
"1494",123.71875,-24.60125
"1495",123.71875,-20.40125
"1496",123.11875,-32.40125
"1497",123.71875,-21.00125
"1498",123.71875,-22.80125
"1499",123.71875,-23.40125
"1500",123.71875,-21.60125
"1501",123.11875,-31.20125
"1502",123.11875,-31.80125
"1503",123.11875,-30.00125
"1504",123.11875,-29.40125
"1505",123.11875,-28.80125
"1506",123.11875,-30.60125
"1507",123.71875,-18.60125
"1508",123.11875,-28.20125
"1509",123.11875,-27.00125
"1510",123.71875,-18.00125
"1511",123.71875,-17.40125
"1512",123.71875,-19.20125
"1513",123.11875,-27.60125
"1514",123.11875,-26.40125
"1515",123.71875,-19.80125
"1516",123.11875,-25.80125
"1517",123.11875,-25.20125
"1518",122.51875,-33.60125
"1519",122.51875,-32.40125
"1520",122.51875,-33.00125
"1521",123.11875,-24.60125
"1522",122.51875,-31.80125
"1523",123.11875,-23.40125
"1524",123.11875,-21.60125
"1525",123.11875,-22.20125
"1526",123.11875,-22.80125
"1527",123.11875,-21.00125
"1528",122.51875,-31.20125
"1529",123.11875,-20.40125
"1530",123.11875,-19.80125
"1531",122.51875,-30.00125
"1532",123.11875,-24.00125
"1533",122.51875,-30.60125
"1534",123.11875,-19.20125
"1535",121.91875,-33.60125
"1536",122.51875,-29.40125
"1537",123.11875,-18.60125
"1538",122.51875,-28.80125
"1539",121.91875,-33.00125
"1540",123.11875,-18.00125
"1541",122.51875,-28.20125
"1542",122.51875,-26.40125
"1543",122.51875,-27.00125
"1544",122.51875,-25.80125
"1545",122.51875,-27.60125
"1546",121.91875,-32.40125
"1547",123.11875,-17.40125
"1548",122.51875,-24.00125
"1549",121.91875,-31.20125
"1550",122.51875,-24.60125
"1551",121.91875,-30.60125
"1552",122.51875,-25.20125
"1553",121.91875,-31.80125
"1554",121.91875,-29.40125
"1555",121.91875,-28.80125
"1556",121.91875,-30.00125
"1557",122.51875,-23.40125
"1558",121.31875,-33.00125
"1559",121.31875,-33.60125
"1560",122.51875,-19.20125
"1561",122.51875,-19.80125
"1562",122.51875,-18.00125
"1563",121.31875,-31.20125
"1564",121.31875,-31.80125
"1565",122.51875,-22.20125
"1566",122.51875,-21.60125
"1567",121.31875,-32.40125
"1568",122.51875,-22.80125
"1569",122.51875,-18.60125
"1570",122.51875,-17.40125
"1571",122.51875,-20.40125
"1572",122.51875,-21.00125
"1573",121.31875,-30.60125
"1574",121.91875,-28.20125
"1575",121.91875,-27.00125
"1576",121.31875,-29.40125
"1577",121.91875,-27.60125
"1578",121.31875,-28.80125
"1579",121.31875,-28.20125
"1580",121.91875,-25.20125
"1581",121.31875,-27.00125
"1582",120.71875,-33.60125
"1583",121.31875,-26.40125
"1584",121.91875,-26.40125
"1585",121.31875,-30.00125
"1586",121.91875,-24.60125
"1587",120.71875,-31.80125
"1588",121.91875,-25.80125
"1589",121.31875,-27.60125
"1590",121.91875,-19.20125
"1591",121.91875,-21.60125
"1592",121.91875,-19.80125
"1593",120.71875,-33.00125
"1594",120.71875,-32.40125
"1595",121.91875,-22.20125
"1596",121.91875,-22.80125
"1597",121.91875,-21.00125
"1598",120.71875,-31.20125
"1599",121.91875,-24.00125
"1600",121.91875,-23.40125
"1601",121.91875,-20.40125
"1602",121.31875,-25.20125
"1603",121.31875,-25.80125
"1604",121.91875,-18.60125
"1605",120.71875,-28.80125
"1606",120.71875,-30.60125
"1607",121.31875,-22.80125
"1608",120.71875,-30.00125
"1609",121.31875,-21.00125
"1610",121.31875,-24.00125
"1611",121.31875,-22.20125
"1612",121.31875,-21.60125
"1613",121.31875,-24.60125
"1614",120.71875,-29.40125
"1615",121.31875,-23.40125
"1616",120.71875,-28.20125
"1617",121.31875,-20.40125
"1618",121.31875,-19.80125
"1619",120.71875,-27.00125
"1620",120.71875,-25.20125
"1621",120.71875,-24.60125
"1622",120.71875,-23.40125
"1623",120.71875,-27.60125
"1624",120.71875,-22.80125
"1625",120.71875,-26.40125
"1626",120.71875,-25.80125
"1627",120.71875,-24.00125
"1628",120.11875,-33.00125
"1629",120.11875,-32.40125
"1630",120.11875,-33.60125
"1631",120.11875,-31.20125
"1632",120.11875,-31.80125
"1633",119.51875,-34.20125
"1634",119.51875,-33.60125
"1635",120.11875,-30.00125
"1636",120.11875,-29.40125
"1637",120.11875,-30.60125
"1638",120.11875,-27.60125
"1639",119.51875,-33.00125
"1640",120.11875,-27.00125
"1641",120.11875,-28.20125
"1642",119.51875,-32.40125
"1643",120.11875,-28.80125
"1644",120.11875,-25.20125
"1645",120.11875,-26.40125
"1646",119.51875,-31.20125
"1647",119.51875,-30.60125
"1648",120.71875,-19.80125
"1649",120.71875,-20.40125
"1650",120.11875,-25.80125
"1651",119.51875,-30.00125
"1652",120.71875,-22.20125
"1653",119.51875,-31.80125
"1654",120.71875,-21.00125
"1655",120.11875,-22.20125
"1656",119.51875,-28.80125
"1657",118.31875,-34.80125
"1658",119.51875,-29.40125
"1659",120.11875,-22.80125
"1660",120.11875,-24.60125
"1661",119.51875,-27.60125
"1662",120.71875,-21.60125
"1663",119.51875,-28.20125
"1664",120.11875,-23.40125
"1665",118.91875,-34.20125
"1666",120.11875,-24.00125
"1667",118.31875,-34.20125
"1668",120.11875,-20.40125
"1669",118.31875,-33.60125
"1670",118.91875,-33.60125
"1671",120.11875,-21.60125
"1672",120.11875,-21.00125
"1673",118.31875,-33.00125
"1674",118.91875,-33.00125
"1675",118.91875,-31.80125
"1676",118.31875,-32.40125
"1677",118.91875,-31.20125
"1678",118.31875,-31.20125
"1679",118.91875,-32.40125
"1680",118.31875,-31.80125
"1681",118.91875,-30.60125
"1682",118.91875,-28.20125
"1683",118.31875,-30.60125
"1684",118.31875,-28.80125
"1685",118.91875,-30.00125
"1686",118.31875,-28.20125
"1687",118.31875,-29.40125
"1688",119.51875,-27.00125
"1689",119.51875,-25.20125
"1690",118.31875,-30.00125
"1691",118.91875,-24.60125
"1692",118.91875,-26.40125
"1693",118.91875,-29.40125
"1694",119.51875,-26.40125
"1695",118.91875,-28.80125
"1696",118.91875,-25.20125
"1697",118.31875,-27.00125
"1698",118.31875,-27.60125
"1699",118.91875,-27.60125
"1700",119.51875,-22.80125
"1701",118.91875,-23.40125
"1702",118.91875,-25.80125
"1703",118.91875,-22.20125
"1704",119.51875,-24.00125
"1705",118.91875,-22.80125
"1706",118.91875,-27.00125
"1707",119.51875,-25.80125
"1708",119.51875,-24.60125
"1709",119.51875,-20.40125
"1710",118.91875,-21.60125
"1711",119.51875,-23.40125
"1712",119.51875,-21.60125
"1713",118.91875,-21.00125
"1714",118.91875,-24.00125
"1715",119.51875,-22.20125
"1716",118.91875,-20.40125
"1717",119.51875,-21.00125
"1718",118.31875,-25.20125
"1719",118.31875,-25.80125
"1720",118.31875,-26.40125
"1721",118.31875,-23.40125
"1722",118.31875,-22.80125
"1723",118.31875,-24.60125
"1724",118.31875,-22.20125
"1725",118.31875,-24.00125
"1726",118.31875,-21.60125
"1727",118.31875,-21.00125
"1728",117.11875,-34.80125
"1729",117.71875,-34.80125
"1730",117.11875,-34.20125
"1731",117.71875,-34.20125
"1732",117.11875,-33.60125
"1733",117.71875,-33.60125
"1734",117.71875,-33.00125
"1735",117.11875,-33.00125
"1736",117.71875,-31.80125
"1737",117.11875,-32.40125
"1738",117.71875,-31.20125
"1739",117.71875,-30.00125
"1740",117.71875,-30.60125
"1741",117.71875,-29.40125
"1742",117.11875,-31.80125
"1743",117.71875,-28.80125
"1744",117.71875,-27.60125
"1745",117.71875,-25.80125
"1746",117.71875,-27.00125
"1747",117.71875,-24.00125
"1748",117.71875,-23.40125
"1749",117.71875,-28.20125
"1750",117.71875,-26.40125
"1751",117.71875,-21.00125
"1752",117.71875,-21.60125
"1753",117.71875,-25.20125
"1754",117.71875,-22.20125
"1755",117.71875,-24.60125
"1756",116.51875,-34.80125
"1757",117.71875,-22.80125
"1758",117.11875,-31.20125
"1759",116.51875,-33.00125
"1760",116.51875,-33.60125
"1761",117.11875,-28.80125
"1762",117.11875,-29.40125
"1763",117.11875,-30.00125
"1764",117.11875,-28.20125
"1765",117.11875,-30.60125
"1766",116.51875,-31.80125
"1767",117.11875,-26.40125
"1768",117.11875,-27.60125
"1769",117.11875,-25.80125
"1770",117.11875,-27.00125
"1771",116.51875,-30.00125
"1772",116.51875,-30.60125
"1773",116.51875,-28.80125
"1774",117.11875,-23.40125
"1775",117.11875,-22.20125
"1776",117.11875,-25.20125
"1777",117.11875,-21.00125
"1778",117.11875,-24.00125
"1779",117.11875,-21.60125
"1780",117.11875,-24.60125
"1781",117.11875,-22.80125
"1782",115.91875,-33.60125
"1783",115.91875,-33.00125
"1784",115.91875,-32.40125
"1785",115.91875,-31.20125
"1786",115.91875,-31.80125
"1787",116.51875,-25.80125
"1788",116.51875,-26.40125
"1789",116.51875,-24.60125
"1790",116.51875,-25.20125
"1791",116.51875,-23.40125
"1792",116.51875,-22.80125
"1793",116.51875,-22.20125
"1794",115.91875,-30.60125
"1795",115.91875,-30.00125
"1796",116.51875,-27.60125
"1797",116.51875,-24.00125
"1798",116.51875,-27.00125
"1799",115.91875,-28.80125
"1800",115.31875,-34.20125
"1801",115.91875,-28.20125
"1802",115.91875,-27.60125
"1803",116.51875,-21.60125
"1804",115.91875,-29.40125
"1805",116.51875,-32.40125
"1806",115.91875,-26.40125
"1807",115.91875,-25.20125
"1808",115.91875,-24.60125
"1809",115.91875,-25.80125
"1810",115.91875,-27.00125
"1811",116.51875,-21.00125
"1812",115.91875,-24.00125
"1813",115.31875,-30.60125
"1814",115.31875,-30.00125
"1815",116.51875,-31.20125
"1816",115.31875,-28.80125
"1817",115.31875,-29.40125
"1818",115.91875,-23.40125
"1819",115.31875,-28.20125
"1820",115.91875,-21.60125
"1821",114.71875,-28.80125
"1822",115.91875,-22.80125
"1823",115.91875,-22.20125
"1824",114.71875,-28.20125
"1825",113.51875,-24.00125
"1826",115.31875,-26.40125
"1827",113.51875,-25.80125
"1828",115.31875,-25.80125
"1829",115.31875,-25.20125
"1830",114.71875,-27.60125
"1831",114.71875,-25.80125
"1832",114.71875,-26.40125
"1833",115.31875,-22.80125
"1834",115.31875,-27.60125
"1835",115.31875,-23.40125
"1836",114.71875,-25.20125
"1837",115.31875,-27.00125
"1838",115.31875,-24.60125
"1839",116.51875,-29.40125
"1840",114.71875,-27.00125
"1841",114.11875,-27.00125
"1842",114.11875,-24.00125
"1843",116.51875,-28.20125
"1844",115.31875,-24.00125
"1845",114.71875,-22.80125
"1846",114.71875,-24.00125
"1847",114.71875,-24.60125
"1848",114.11875,-25.20125
"1849",114.11875,-22.80125
"1850",114.71875,-23.40125
"1851",114.11875,-23.40125
"1852",114.71875,-22.20125
